Stock,Signals today,Rank,Exp/DAY%,RS%,Trades,Win%,Target #,Target %,Trail #,Trail %,Stop #,Stop %,Time #,Time %,Time-win,Time-loss,Expectancy%,Avg win%,Avg loss%,Avg days,BT from,BT to,Years,Remark,Loss %,Reward Risk,Profit Factor,Trades / Year,Annual Expectancy,Winning Exit %,Losing Exit %,Target Efficiency,Trail Efficiency,Stop Efficiency,Time Efficiency,Holding Efficiency,Profit Velocity,Signal Density,Trade Frequency,Exit Quality,Trading Style,Confidence Score,Risk Score,Opportunity Score,Consistency Score,Composite Score,Overall Rating,Recommendation,Institution Rank,Quality Flag,Exit Dominance,Risk Category
ADANIENT,True,6.14,0.084,42.3,708,50.8,269,38.0,0,0,338,47.7,101,14.3,91,10,1.08,9.54,-7.66,12.9,2015-09-18,2026-07-13,10.8,,49.2,,,65.56,70.8,129.0,57.7,37.99,0.0,47.74,14.27,0.084,59.47,0.001,0.26,Positive,Position,92.97,72.45,,,,Poor,REJECT,1,PASS,Stop,Medium Risk
PERSISTENT,False,4.01,0.131,-11.34,542,52.0,219,40.4,0,0,247,45.6,76,14.0,63,13,1.87,9.77,-6.7,14.3,2015-09-18,2026-07-13,10.8,,48.0,,,50.19,93.86,103.4,58.6,40.41,0.0,45.57,14.02,0.131,71.0,0.0,0.199,Positive,Position,82.43,66.69,,,,Poor,REJECT,2,PASS,Stop,Medium Risk
CUMMINSIND,True,3.8,0.074,5.08,482,46.7,144,29.9,0,0,236,49.0,102,21.2,81,21,1.2,8.96,-5.6,16.3,2015-09-18,2026-07-13,10.8,,53.3,,,44.63,53.56,110.9,70.0,29.88,0.0,48.96,21.16,0.074,35.67,0.002,0.177,Positive,Position,73.41,47.86,,,,Poor,REJECT,3,PASS,Stop,High Risk
DIXON,False,13.78,0.182,15.94,508,53.5,223,43.9,0,0,227,44.7,58,11.4,49,9,2.37,10.27,-6.74,13.0,2017-09-18,2026-07-13,8.8,limited history: 8.8y (<10y) - lower confidence,46.5,,,57.73,136.82,92.9,53.7,43.9,0.0,44.69,11.42,0.182,92.46,0.0,0.229,Positive,Position,72.43,71.2,,,,Poor,REJECT,4,PASS,Stop,Medium Risk
HFCL,True,5.03,0.072,137.62,494,49.4,224,45.3,0,0,240,48.6,30,6.1,20,10,0.61,10.76,-9.29,8.5,2015-09-18,2026-07-13,10.8,,50.6,,,45.74,27.9,65.3,58.6,45.34,0.0,48.58,6.07,0.072,35.57,0.002,0.182,Positive,Position,71.27,91.29,,,,Poor,REJECT,5,Low Edge,Stop,Low Risk
BEL,False,0.0,-0.059,-14.17,584,35.1,109,18.7,0,0,350,59.9,125,21.4,96,29,-0.94,8.52,-6.05,15.9,2015-09-18,2026-07-13,10.8,,64.9,,,54.07,-50.83,114.7,88.9,18.66,0.0,59.93,21.4,-0.059,-34.46,0.0,0.215,Positive,Position,70.87,30.44,,,,Poor,REJECT,6,"Low Edge, High Stop Rate",Stop,Very High Risk
BALRAMCHIN,True,0.0,-0.053,13.28,535,41.3,153,28.6,0,0,279,52.1,103,19.3,68,35,-0.76,8.76,-7.46,14.2,2015-09-18,2026-07-10,10.8,,58.7,,,49.54,-37.65,96.6,87.1,28.6,0.0,52.15,19.25,-0.054,-28.36,0.002,0.197,Positive,Position,67.47,59.79,,,,Poor,REJECT,7,"Low Edge, High Stop Rate",Stop,High Risk
KEC,False,0.0,-0.027,-16.42,489,41.3,155,31.7,0,0,268,54.8,66,13.5,47,19,-0.4,9.37,-7.27,14.7,2015-09-18,2026-07-10,10.8,,58.7,,,45.28,-18.11,78.7,73.8,31.7,0.0,54.81,13.5,-0.027,-13.2,0.0,0.18,Positive,Position,65.31,52.06,,,,Poor,REJECT,8,"Low Edge, High Stop Rate",Stop,High Risk
MOTHERSON,False,0.0,-0.025,10.66,476,41.4,109,22.9,0,0,254,53.4,113,23.7,88,25,-0.4,7.74,-6.16,16.0,2015-09-18,2026-07-13,10.8,,58.6,,,44.07,-17.63,110.9,78.4,22.9,0.0,53.36,23.74,-0.025,-11.9,0.0,0.175,Positive,Position,64.15,43.96,,,,Poor,REJECT,9,"Low Edge, High Stop Rate",Stop,High Risk
INDIGO,False,0.0,-0.052,12.18,487,37.4,120,24.6,0,0,295,60.6,72,14.8,62,10,-0.72,8.76,-6.38,13.9,2015-11-10,2026-07-13,10.7,,62.6,,,45.51,-32.77,86.6,70.6,24.64,0.0,60.57,14.78,-0.052,-25.32,0.0,0.181,Positive,Position,62.91,35.3,,,,Poor,REJECT,10,"Low Edge, High Stop Rate",Stop,Very High Risk
CDSL,False,2.53,0.056,1.87,471,45.2,177,37.6,0,0,247,52.4,47,10.0,36,11,0.67,10.2,-7.2,12.0,2017-06-30,2026-07-13,9.0,limited history: 9.0y (<10y) - lower confidence,54.8,,,52.33,35.06,73.6,63.4,37.58,0.0,52.44,9.98,0.056,26.38,0.0,0.208,Positive,Position,60.83,61.33,,,,Poor,REJECT,11,"Low Edge, High Stop Rate",Stop,Medium Risk
CEATLTD,False,0.0,-0.036,0.74,424,39.4,136,32.1,0,0,233,55.0,55,13.0,31,24,-0.5,9.74,-7.15,14.0,2015-09-18,2026-07-13,10.8,,60.6,,,39.26,-19.63,63.1,79.0,32.08,0.0,54.95,12.97,-0.036,-15.26,0.0,0.156,Negative,Position,58.96,52.06,,,,Poor,REJECT,12,"Low Edge, High Stop Rate",Stop,High Risk
INFY,False,0.74,0.033,-19.64,328,49.1,34,10.4,0,0,145,44.2,149,45.4,127,22,0.63,5.58,-4.13,19.1,2015-09-18,2026-07-13,10.8,,50.9,,,30.37,19.13,137.4,66.2,10.37,0.0,44.21,45.43,0.033,10.82,0.0,0.121,Positive,Position,56.53,40.95,,,,Poor,REJECT,13,Low Edge,Time,High Risk
TATAPOWER,False,0.0,-0.045,-15.82,362,38.4,106,29.3,0,0,218,60.2,38,10.5,33,5,-0.48,9.21,-6.52,10.7,2015-09-18,2026-07-13,10.8,,61.6,,,33.52,-16.09,62.3,65.2,29.28,0.0,60.22,10.5,-0.045,-16.29,0.0,0.133,Negative,Position,53.52,43.14,,,,Poor,REJECT,14,"Low Edge, High Stop Rate",Stop,High Risk
ITC,False,1.13,0.038,-10.84,258,51.9,27,10.5,0,0,118,45.7,113,43.8,107,6,0.73,5.86,-4.81,19.2,2015-09-18,2026-07-13,10.8,,48.1,,,23.89,17.44,117.5,51.7,10.47,0.0,45.74,43.8,0.038,9.8,0.0,0.095,Positive,Position,50.81,42.96,,,,Poor,REJECT,15,Low Edge,Stop,High Risk
RELIANCE,False,0.0,-0.01,-9.01,290,36.6,47,16.2,0,0,174,60.0,69,23.8,59,10,-0.15,7.23,-4.41,15.3,2015-09-18,2026-07-13,10.8,,63.4,,,26.85,-4.03,75.2,70.0,16.21,0.0,60.0,23.79,-0.01,-2.9,0.0,0.107,Positive,Position,48.88,18.89,,,,Poor,REJECT,16,"Low Edge, High Stop Rate",Stop,Very High Risk
IDEA,True,0.0,-0.088,41.94,320,41.9,125,39.1,0,0,172,53.8,23,7.2,9,14,-0.83,10.26,-8.82,9.4,2015-09-18,2026-07-13,10.8,,58.1,,,29.63,-24.59,48.1,67.8,39.06,0.0,53.75,7.19,-0.088,-28.16,0.003,0.118,Negative,Position,47.86,75.73,,,,Poor,REJECT,17,"Low Edge, High Stop Rate",Stop,Medium Risk
MARUTI,False,0.0,-0.028,0.01,288,35.4,32,11.1,0,0,177,61.5,79,27.4,70,9,-0.44,6.73,-4.37,15.9,2015-09-18,2026-07-10,10.8,,64.6,,,26.67,-11.73,81.1,70.5,11.11,0.0,61.46,27.43,-0.028,-8.06,0.0,0.106,Positive,Position,47.12,14.5,,,,Poor,REJECT,18,"Low Edge, High Stop Rate",Stop,Very High Risk
YESBANK,False,0.0,-0.035,16.89,287,40.1,80,27.9,0,0,162,56.4,45,15.7,35,10,-0.45,8.74,-6.59,12.9,2015-09-18,2026-07-13,10.8,,59.9,,,26.57,-11.96,62.9,66.4,27.87,0.0,56.45,15.68,-0.035,-10.05,0.0,0.105,Negative,Position,46.98,47.08,,,,Poor,REJECT,19,"Low Edge, High Stop Rate",Stop,High Risk
LICHSGFIN,False,0.0,-0.097,-0.41,326,32.8,81,24.8,0,0,210,64.4,35,10.7,26,9,-1.3,8.21,-5.94,13.3,2015-09-18,2026-07-10,10.8,,67.2,,,30.19,-39.25,50.8,73.4,24.85,0.0,64.42,10.74,-0.098,-31.62,0.0,0.12,Negative,Position,45.83,25.55,,,,Poor,REJECT,20,"Low Edge, High Stop Rate",Stop,Very High Risk
HINDUNILVR,False,0.0,-0.02,-6.19,234,44.0,11,4.7,0,0,115,49.1,108,46.2,92,16,-0.37,4.63,-4.31,19.1,2015-09-18,2026-07-13,10.8,,56.0,,,21.67,-8.02,96.7,65.1,4.7,0.0,49.15,46.15,-0.019,-4.68,0.0,0.086,Positive,Position,42.67,32.61,,,,Poor,REJECT,21,Low Edge,Stop,Very High Risk
TCS,False,0.0,-0.02,-19.4,190,36.3,24,12.6,0,0,108,56.8,58,30.5,45,13,-0.33,6.17,-4.04,16.9,2015-09-18,2026-07-13,10.8,,63.7,,,17.59,-5.8,57.6,69.8,12.63,0.0,56.84,30.53,-0.02,-3.8,0.0,0.07,Negative,Position,38.95,19.42,,,,Poor,REJECT,22,"Low Edge, High Stop Rate",Stop,Very High Risk
HDFCBANK,False,0.0,-0.009,-3.28,149,44.3,15,10.1,0,0,79,53.0,55,36.9,51,4,-0.16,4.72,-4.03,16.8,2015-09-18,2026-07-13,10.8,,55.7,,,13.8,-2.21,61.1,57.0,10.07,0.0,53.02,36.91,-0.01,-1.34,0.0,0.055,Positive,Position,36.21,27.06,,,,Poor,REJECT,23,"Low Edge, High Stop Rate",Stop,Very High Risk
PAYTM,True,0.6,0.011,15.67,210,41.9,70,33.3,0,0,112,53.3,28,13.3,18,10,0.15,9.34,-6.48,13.9,2021-11-18,2026-07-13,4.6,limited history: 4.6y (<10y) - lower confidence,58.1,,,45.65,6.85,51.3,63.3,33.33,0.0,53.33,13.33,0.011,2.31,0.005,0.181,Negative,Position,13.36,50.52,,,,Poor,REJECT,24,"Low Edge, High Stop Rate",Stop,High Risk
